Firefly,Derrial Book,https://firefly.fandom.com/wiki/Derrial_Book
Firefly,Jayne Cobb,https://firefly.fandom.com/wiki/Jayne_Cobb
Firefly,Kaywinnet Lee Frye,https://firefly.fandom.com/wiki/Kaywinnet_Lee_Frye
Firefly,Malcolm Reynolds,https://firefly.fandom.com/wiki/Malcolm_Reynolds
Firefly,Inara Serra,https://firefly.fandom.com/wiki/Inara_Serra
Firefly,River Tam,https://firefly.fandom.com/wiki/River_Tam
Firefly,Simon Tam,https://firefly.fandom.com/wiki/Simon_Tam
Firefly,Hoban Washburne,https://firefly.fandom.com/wiki/Hoban_Washburne
Firefly,Zoë Alleyne Washburne,https://firefly.fandom.com/wiki/Zo%C3%AB_Alleyne_Washburne
Firefly,Harken,https://firefly.fandom.com/wiki/Harken
Firefly,Operative,https://firefly.fandom.com/wiki/Operative
Firefly,Zoë Alleyne Washburne,https://firefly.fandom.com/wiki/Zo%C3%AB_Alleyne_Washburne
