game of thrones,Gendry Baratheon,https://gameofthrones.fandom.com/wiki/Gendry_Baratheon,43193
game of thrones,Bronn,https://gameofthrones.fandom.com/wiki/Bronn,48004
game of thrones,Gilly,https://gameofthrones.fandom.com/wiki/Gilly,27060
game of thrones,Grey Worm,https://gameofthrones.fandom.com/wiki/Grey_Worm,25552
game of thrones,Yara Greyjoy,https://gameofthrones.fandom.com/wiki/Yara_Greyjoy,40619
game of thrones,Tyrion Lannister,https://gameofthrones.fandom.com/wiki/Tyrion_Lannister,125842
game of thrones,Daario Naharis,https://gameofthrones.fandom.com/wiki/Daario_Naharis,26714
game of thrones,Podrick Payne,https://gameofthrones.fandom.com/wiki/Podrick_Payne,30889
game of thrones,Davos Seaworth,https://gameofthrones.fandom.com/wiki/Davos_Seaworth,57842
game of thrones,Jon Snow,https://gameofthrones.fandom.com/wiki/Jon_Snow,137501
game of thrones,Arya Stark,https://gameofthrones.fandom.com/wiki/Arya_Stark,116438
game of thrones,Bran Stark,https://gameofthrones.fandom.com/wiki/Bran_Stark,54329
game of thrones,Sansa Stark,https://gameofthrones.fandom.com/wiki/Sansa_Stark,113124
game of thrones,Samwell Tarly,https://gameofthrones.fandom.com/wiki/Samwell_Tarly,59831
game of thrones,Brienne of Tarth,https://gameofthrones.fandom.com/wiki/Brienne_of_Tarth,61208
game of thrones,Tormund,https://gameofthrones.fandom.com/wiki/Tormund,40523
game of thrones,Edmure Tully,https://gameofthrones.fandom.com/wiki/Edmure_Tully,21291
game of thrones,Aemon,https://gameofthrones.fandom.com/wiki/Aemon,23772
game of thrones,Petyr Baelish,https://gameofthrones.fandom.com/wiki/Petyr_Baelish,64865
game of thrones,Joffrey Baratheon,https://gameofthrones.fandom.com/wiki/Joffrey_Baratheon,62427
game of thrones,Myrcella Baratheon,https://gameofthrones.fandom.com/wiki/Myrcella_Baratheon,32830
game of thrones,Robert Baratheon,https://gameofthrones.fandom.com/wiki/Robert_Baratheon,43441
game of thrones,Shireen Baratheon,https://gameofthrones.fandom.com/wiki/Shireen_Baratheon,22677
game of thrones,Stannis Baratheon,https://gameofthrones.fandom.com/wiki/Stannis_Baratheon,66776
game of thrones,Tommen Baratheon,https://gameofthrones.fandom.com/wiki/Tommen_Baratheon,35012
game of thrones,Ramsay Bolton,https://gameofthrones.fandom.com/wiki/Ramsay_Bolton,61991
game of thrones,Roose Bolton,https://gameofthrones.fandom.com/wiki/Roose_Bolton,33693
game of thrones,Gregor Clegane,https://gameofthrones.fandom.com/wiki/Gregor_Clegane,41916
game of thrones,Sandor Clegane,https://gameofthrones.fandom.com/wiki/Sandor_Clegane,49505
game of thrones,Euron Greyjoy,https://gameofthrones.fandom.com/wiki/Euron_Greyjoy,46642
game of thrones,Theon Greyjoy,https://gameofthrones.fandom.com/wiki/Theon_Greyjoy,79818
game of thrones,High Sparrow,https://gameofthrones.fandom.com/wiki/High_Sparrow,22855
game of thrones,Hodor,https://gameofthrones.fandom.com/wiki/Hodor,21362
game of thrones,Cersei Lannister,https://gameofthrones.fandom.com/wiki/Cersei_Lannister,111448
game of thrones,Jaime Lannister,https://gameofthrones.fandom.com/wiki/Jaime_Lannister,120881
game of thrones,Tywin Lannister,https://gameofthrones.fandom.com/wiki/Tywin_Lannister,66929
game of thrones,Doran Martell,https://gameofthrones.fandom.com/wiki/Doran_Martell,27415
game of thrones,Elia Martell,https://gameofthrones.fandom.com/wiki/Elia_Martell,22560
game of thrones,Oberyn Martell,https://gameofthrones.fandom.com/wiki/Oberyn_Martell,25514
game of thrones,Melisandre,https://gameofthrones.fandom.com/wiki/Melisandre,52203
game of thrones,Missandei,https://gameofthrones.fandom.com/wiki/Missandei,40129
game of thrones,Jorah Mormont,https://gameofthrones.fandom.com/wiki/Jorah_Mormont,60632
game of thrones,Lyanna Mormont,https://gameofthrones.fandom.com/wiki/Lyanna_Mormont,22324
game of thrones,Night King,https://gameofthrones.fandom.com/wiki/Night_King,21579
game of thrones,Pycelle,https://gameofthrones.fandom.com/wiki/Pycelle,31679
game of thrones,Qyburn,https://gameofthrones.fandom.com/wiki/Qyburn,29131
game of thrones,Ellaria Sand,https://gameofthrones.fandom.com/wiki/Ellaria_Sand,27921
game of thrones,Tyene Sand,https://gameofthrones.fandom.com/wiki/Tyene_Sand,20517
game of thrones,Barristan Selmy,https://gameofthrones.fandom.com/wiki/Barristan_Selmy,40712
game of thrones,Shae,https://gameofthrones.fandom.com/wiki/Shae,31908
game of thrones,Janos Slynt,https://gameofthrones.fandom.com/wiki/Janos_Slynt,25386
game of thrones,Catelyn Stark,https://gameofthrones.fandom.com/wiki/Catelyn_Stark,49914
game of thrones,Eddard Stark,https://gameofthrones.fandom.com/wiki/Eddard_Stark,49745
game of thrones,Lyanna Stark,https://gameofthrones.fandom.com/wiki/Lyanna_Stark,20593
game of thrones,Robb Stark,https://gameofthrones.fandom.com/wiki/Robb_Stark,68849
game of thrones,Aegon I Targaryen,https://gameofthrones.fandom.com/wiki/Aegon_I_Targaryen,20368
game of thrones,Aerys II Targaryen,https://gameofthrones.fandom.com/wiki/Aerys_II_Targaryen,30602
game of thrones,Daenerys Targaryen,https://gameofthrones.fandom.com/wiki/Daenerys_Targaryen,163670
game of thrones,Rhaegar Targaryen,https://gameofthrones.fandom.com/wiki/Rhaegar_Targaryen,49559
game of thrones,Viserys Targaryen,https://gameofthrones.fandom.com/wiki/Viserys_Targaryen,24930
game of thrones,Randyll Tarly,https://gameofthrones.fandom.com/wiki/Randyll_Tarly,22640
game of thrones,Alliser Thorne,https://gameofthrones.fandom.com/wiki/Alliser_Thorne,26329
game of thrones,Eddison Tollett,https://gameofthrones.fandom.com/wiki/Eddison_Tollett,28268
game of thrones,Loras Tyrell,https://gameofthrones.fandom.com/wiki/Loras_Tyrell,40100
game of thrones,Mace Tyrell,https://gameofthrones.fandom.com/wiki/Mace_Tyrell,20426
game of thrones,Margaery Tyrell,https://gameofthrones.fandom.com/wiki/Margaery_Tyrell,44748
game of thrones,Olenna Tyrell,https://gameofthrones.fandom.com/wiki/Olenna_Tyrell,39148
game of thrones,Varys,https://gameofthrones.fandom.com/wiki/Varys,61930
game of thrones,Ygritte,https://gameofthrones.fandom.com/wiki/Ygritte,20621
