mcu,Phil Coulson,https://marvelcinematicuniverse.fandom.com/wiki/Phil_Coulson,408766
mcu,Iron Man,https://marvelcinematicuniverse.fandom.com/wiki/Iron_Man,379051
mcu,Steve Rogers,https://marvelcinematicuniverse.fandom.com/wiki/Steve_Rogers,356201
mcu,Iron Fist,https://marvelcinematicuniverse.fandom.com/wiki/Iron_Fist,338812
mcu,Thor,https://marvelcinematicuniverse.fandom.com/wiki/Thor,320109
mcu,Daredevil,https://marvelcinematicuniverse.fandom.com/wiki/Daredevil,302375
mcu,Spider-Man,https://marvelcinematicuniverse.fandom.com/wiki/Spider-Man,279693
mcu,Punisher,https://marvelcinematicuniverse.fandom.com/wiki/Punisher,267077
mcu,Luke Cage,https://marvelcinematicuniverse.fandom.com/wiki/Luke_Cage,264977
mcu,Leo Fitz,https://marvelcinematicuniverse.fandom.com/wiki/Leo_Fitz,264064
mcu,Melinda May,https://marvelcinematicuniverse.fandom.com/wiki/Melinda_May,244848
mcu,Jessica Jones,https://marvelcinematicuniverse.fandom.com/wiki/Jessica_Jones,241435
mcu,Jigsaw,https://marvelcinematicuniverse.fandom.com/wiki/Jigsaw,232531
mcu,Hulk,https://marvelcinematicuniverse.fandom.com/wiki/Hulk,199846
mcu,Black Widow,https://marvelcinematicuniverse.fandom.com/wiki/Black_Widow,199702
mcu,Winter Soldier,https://marvelcinematicuniverse.fandom.com/wiki/Winter_Soldier,189215
mcu,Kingpin,https://marvelcinematicuniverse.fandom.com/wiki/Kingpin,173020
mcu,Scarlet Witch,https://marvelcinematicuniverse.fandom.com/wiki/Scarlet_Witch,172818
mcu,Captain America,https://marvelcinematicuniverse.fandom.com/wiki/Captain_America,167384
mcu,Loki,https://marvelcinematicuniverse.fandom.com/wiki/Loki,157070
mcu,Hawkeye,https://marvelcinematicuniverse.fandom.com/wiki/Hawkeye,154125
mcu,Peggy Carter,https://marvelcinematicuniverse.fandom.com/wiki/Peggy_Carter,150799
mcu,War Machine,https://marvelcinematicuniverse.fandom.com/wiki/War_Machine,145570
mcu,Thanos,https://marvelcinematicuniverse.fandom.com/wiki/Thanos,145339
mcu,Davos,https://marvelcinematicuniverse.fandom.com/wiki/Davos,136786
mcu,Black Panther,https://marvelcinematicuniverse.fandom.com/wiki/Black_Panther,125057
mcu,Ant-Man,https://marvelcinematicuniverse.fandom.com/wiki/Ant-Man,123119
mcu,Nick Fury,https://marvelcinematicuniverse.fandom.com/wiki/Nick_Fury,121093
mcu,Doctor Strange,https://marvelcinematicuniverse.fandom.com/wiki/Doctor_Strange,119531
mcu,Rocket Raccoon,https://marvelcinematicuniverse.fandom.com/wiki/Rocket_Raccoon,114412
mcu,Captain Marvel,https://marvelcinematicuniverse.fandom.com/wiki/Captain_Marvel,99752
mcu,Star-Lord,https://marvelcinematicuniverse.fandom.com/wiki/Star-Lord,98249
mcu,Gamora,https://marvelcinematicuniverse.fandom.com/wiki/Gamora,95569
mcu,Nebula,https://marvelcinematicuniverse.fandom.com/wiki/Nebula,89928
mcu,Kilgrave,https://marvelcinematicuniverse.fandom.com/wiki/Kilgrave,73890
mcu,Drax the Destroyer,https://marvelcinematicuniverse.fandom.com/wiki/Drax_the_Destroyer,71286
mcu,Bushmaster,https://marvelcinematicuniverse.fandom.com/wiki/Bushmaster,71051
mcu,Groot,https://marvelcinematicuniverse.fandom.com/wiki/Groot,69600
mcu,Madame Gao,https://marvelcinematicuniverse.fandom.com/wiki/Madame_Gao,66459
mcu,Superior,https://marvelcinematicuniverse.fandom.com/wiki/Superior,66456
mcu,Howard Stark,https://marvelcinematicuniverse.fandom.com/wiki/Howard_Stark,65554
mcu,Pepper Potts,https://marvelcinematicuniverse.fandom.com/wiki/Pepper_Potts,62588
mcu,Ultron,https://marvelcinematicuniverse.fandom.com/wiki/Ultron,61543
mcu,Hank Pym,https://marvelcinematicuniverse.fandom.com/wiki/Hank_Pym,60818
mcu,Wasp,https://marvelcinematicuniverse.fandom.com/wiki/Wasp,59418
mcu,Diamondback,https://marvelcinematicuniverse.fandom.com/wiki/Diamondback,59358
mcu,Jane Foster,https://marvelcinematicuniverse.fandom.com/wiki/Jane_Foster,57971
mcu,Aida,https://marvelcinematicuniverse.fandom.com/wiki/Aida,57260
mcu,Erik Killmonger,https://marvelcinematicuniverse.fandom.com/wiki/Erik_Killmonger,57251
mcu,Sinara,https://marvelcinematicuniverse.fandom.com/wiki/Sinara,55774
mcu,Vision,https://marvelcinematicuniverse.fandom.com/wiki/Vision,55651
mcu,Ancient One,https://marvelcinematicuniverse.fandom.com/wiki/Ancient_One,55633
mcu,Bakuto,https://marvelcinematicuniverse.fandom.com/wiki/Bakuto,52557
mcu,Mysterio,https://marvelcinematicuniverse.fandom.com/wiki/Mysterio,51969
mcu,Odin,https://marvelcinematicuniverse.fandom.com/wiki/Odin,48737
mcu,Maria Hill,https://marvelcinematicuniverse.fandom.com/wiki/Maria_Hill,47479
mcu,The Watcher,https://marvelcinematicuniverse.fandom.com/wiki/The_Watcher,46583
mcu,Valkyrie,https://marvelcinematicuniverse.fandom.com/wiki/Valkyrie,45850
mcu,Hela,https://marvelcinematicuniverse.fandom.com/wiki/Hela,45144
mcu,Sharon Carter,https://marvelcinematicuniverse.fandom.com/wiki/Sharon_Carter,45063
mcu,Edwin Jarvis,https://marvelcinematicuniverse.fandom.com/wiki/Edwin_Jarvis,43290
mcu,Ego,https://marvelcinematicuniverse.fandom.com/wiki/Ego,42721
mcu,Vulture,https://marvelcinematicuniverse.fandom.com/wiki/Vulture,41428
mcu,Will Simpson,https://marvelcinematicuniverse.fandom.com/wiki/Will_Simpson,40818
mcu,Paul Lantom,https://marvelcinematicuniverse.fandom.com/wiki/Paul_Lantom,40609
mcu,Gert Yorkes,https://marvelcinematicuniverse.fandom.com/wiki/Gert_Yorkes,40600
mcu,Quicksilver,https://marvelcinematicuniverse.fandom.com/wiki/Quicksilver,40197
mcu,Agatha Harkness,https://marvelcinematicuniverse.fandom.com/wiki/Agatha_Harkness,40147
mcu,Heimdall,https://marvelcinematicuniverse.fandom.com/wiki/Heimdall,39338
mcu,Okoye,https://marvelcinematicuniverse.fandom.com/wiki/Okoye,39309
mcu,Robert Gonzales,https://marvelcinematicuniverse.fandom.com/wiki/Robert_Gonzales,37834
mcu,Misty Knight,https://marvelcinematicuniverse.fandom.com/wiki/Misty_Knight,37825
mcu,Molly Hernandez,https://marvelcinematicuniverse.fandom.com/wiki/Molly_Hernandez,36922
mcu,Antoine Triplett,https://marvelcinematicuniverse.fandom.com/wiki/Antoine_Triplett,36883
mcu,Black Bolt,https://marvelcinematicuniverse.fandom.com/wiki/Black_Bolt,36197
mcu,Xu Wenwu,https://marvelcinematicuniverse.fandom.com/wiki/Xu_Wenwu,35940
mcu,Billy Koenig,https://marvelcinematicuniverse.fandom.com/wiki/Billy_Koenig,35203
mcu,Abomination,https://marvelcinematicuniverse.fandom.com/wiki/Abomination,35155
mcu,Zip,https://marvelcinematicuniverse.fandom.com/wiki/Zip,35050
mcu,Yondu Udonta,https://marvelcinematicuniverse.fandom.com/wiki/Yondu_Udonta,34946
mcu,Pax,https://marvelcinematicuniverse.fandom.com/wiki/Pax,34680
mcu,Mantis,https://marvelcinematicuniverse.fandom.com/wiki/Mantis,34437
mcu,Kaecilius,https://marvelcinematicuniverse.fandom.com/wiki/Kaecilius,34428
mcu,Mobius M. Mobius,https://marvelcinematicuniverse.fandom.com/wiki/Mobius_M._Mobius,34395
mcu,Giyera,https://marvelcinematicuniverse.fandom.com/wiki/Giyera,34259
mcu,Talos,https://marvelcinematicuniverse.fandom.com/wiki/Talos,33782
mcu,Ronan the Accuser,https://marvelcinematicuniverse.fandom.com/wiki/Ronan_the_Accuser,32912
mcu,Everett Ross,https://marvelcinematicuniverse.fandom.com/wiki/Everett_Ross,31791
mcu,Gordon,https://marvelcinematicuniverse.fandom.com/wiki/Gordon,31404
mcu,Taskmaster,https://marvelcinematicuniverse.fandom.com/wiki/Taskmaster,30662
mcu,Monica Rambeau,https://marvelcinematicuniverse.fandom.com/wiki/Monica_Rambeau,30612
mcu,Shuri,https://marvelcinematicuniverse.fandom.com/wiki/Shuri,30396
mcu,Yellowjacket,https://marvelcinematicuniverse.fandom.com/wiki/Yellowjacket,30173
mcu,Jasper Sitwell,https://marvelcinematicuniverse.fandom.com/wiki/Jasper_Sitwell,30002
