mcu,Quake,https://marvelcinematicuniverse.fandom.com/wiki/Quake,457439
mcu,Phil Coulson,https://marvelcinematicuniverse.fandom.com/wiki/Phil_Coulson,408766
mcu,Jemma Simmons,https://marvelcinematicuniverse.fandom.com/wiki/Jemma_Simmons,385936
mcu,Iron Man,https://marvelcinematicuniverse.fandom.com/wiki/Iron_Man,379051
mcu,Steve Rogers,https://marvelcinematicuniverse.fandom.com/wiki/Steve_Rogers,356201
mcu,Iron Fist,https://marvelcinematicuniverse.fandom.com/wiki/Iron_Fist,338812
mcu,Thor,https://marvelcinematicuniverse.fandom.com/wiki/Thor,320109
mcu,Daredevil,https://marvelcinematicuniverse.fandom.com/wiki/Daredevil,302375
mcu,Spider-Man,https://marvelcinematicuniverse.fandom.com/wiki/Spider-Man,279693
mcu,Black Mariah,https://marvelcinematicuniverse.fandom.com/wiki/Black_Mariah,267237
mcu,Punisher,https://marvelcinematicuniverse.fandom.com/wiki/Punisher,267077
mcu,Luke Cage,https://marvelcinematicuniverse.fandom.com/wiki/Luke_Cage,264977
mcu,Deke Shaw,https://marvelcinematicuniverse.fandom.com/wiki/Deke_Shaw,264444
mcu,Leo Fitz,https://marvelcinematicuniverse.fandom.com/wiki/Leo_Fitz,264064
mcu,Melinda May,https://marvelcinematicuniverse.fandom.com/wiki/Melinda_May,244848
mcu,Jessica Jones,https://marvelcinematicuniverse.fandom.com/wiki/Jessica_Jones,241435
mcu,Jigsaw,https://marvelcinematicuniverse.fandom.com/wiki/Jigsaw,232531
mcu,Grant Ward,https://marvelcinematicuniverse.fandom.com/wiki/Grant_Ward,215742
mcu,Hulk,https://marvelcinematicuniverse.fandom.com/wiki/Hulk,199846
mcu,Black Widow,https://marvelcinematicuniverse.fandom.com/wiki/Black_Widow,199702
mcu,Winter Soldier,https://marvelcinematicuniverse.fandom.com/wiki/Winter_Soldier,189215
mcu,Glenn Talbot,https://marvelcinematicuniverse.fandom.com/wiki/Glenn_Talbot,178272
mcu,Kingpin,https://marvelcinematicuniverse.fandom.com/wiki/Kingpin,173020
mcu,Scarlet Witch,https://marvelcinematicuniverse.fandom.com/wiki/Scarlet_Witch,172818
mcu,Alphonso Mackenzie,https://marvelcinematicuniverse.fandom.com/wiki/Alphonso_Mackenzie,169260
mcu,Captain America,https://marvelcinematicuniverse.fandom.com/wiki/Captain_America,167384
mcu,Loki,https://marvelcinematicuniverse.fandom.com/wiki/Loki,157070
mcu,Hawkeye,https://marvelcinematicuniverse.fandom.com/wiki/Hawkeye,154125
mcu,Peggy Carter,https://marvelcinematicuniverse.fandom.com/wiki/Peggy_Carter,150799
mcu,Shades,https://marvelcinematicuniverse.fandom.com/wiki/Shades,149909
mcu,War Machine,https://marvelcinematicuniverse.fandom.com/wiki/War_Machine,145570
mcu,Thanos,https://marvelcinematicuniverse.fandom.com/wiki/Thanos,145339
mcu,Phil Coulson/Chronicom LMD,https://marvelcinematicuniverse.fandom.com/wiki/Phil_Coulson/Chronicom_LMD,143490
mcu,Davos,https://marvelcinematicuniverse.fandom.com/wiki/Davos,136786
mcu,Nico Minoru,https://marvelcinematicuniverse.fandom.com/wiki/Nico_Minoru,129961
mcu,Dinah Madani,https://marvelcinematicuniverse.fandom.com/wiki/Dinah_Madani,129575
mcu,Micro,https://marvelcinematicuniverse.fandom.com/wiki/Micro,129382
mcu,Curtis Hoyle,https://marvelcinematicuniverse.fandom.com/wiki/Curtis_Hoyle,128911
mcu,Black Panther,https://marvelcinematicuniverse.fandom.com/wiki/Black_Panther,125057
mcu,Amy Bendix,https://marvelcinematicuniverse.fandom.com/wiki/Amy_Bendix,123678
mcu,Ant-Man,https://marvelcinematicuniverse.fandom.com/wiki/Ant-Man,123119
mcu,Karen Page,https://marvelcinematicuniverse.fandom.com/wiki/Karen_Page,122978
mcu,Nick Fury,https://marvelcinematicuniverse.fandom.com/wiki/Nick_Fury,121093
mcu,Elektra,https://marvelcinematicuniverse.fandom.com/wiki/Elektra,120002
mcu,Doctor Strange,https://marvelcinematicuniverse.fandom.com/wiki/Doctor_Strange,119531
mcu,Gideon Malick,https://marvelcinematicuniverse.fandom.com/wiki/Gideon_Malick,115132
mcu,Rocket Raccoon,https://marvelcinematicuniverse.fandom.com/wiki/Rocket_Raccoon,114412
mcu,Trish Walker,https://marvelcinematicuniverse.fandom.com/wiki/Trish_Walker,113929
mcu,Bobbi Morse,https://marvelcinematicuniverse.fandom.com/wiki/Bobbi_Morse,105861
mcu,Benjamin Poindexter,https://marvelcinematicuniverse.fandom.com/wiki/Benjamin_Poindexter,104953
mcu,Lance Hunter,https://marvelcinematicuniverse.fandom.com/wiki/Lance_Hunter,104053
mcu,Sarge,https://marvelcinematicuniverse.fandom.com/wiki/Sarge,100177
mcu,Captain Marvel,https://marvelcinematicuniverse.fandom.com/wiki/Captain_Marvel,99752
mcu,Star-Lord,https://marvelcinematicuniverse.fandom.com/wiki/Star-Lord,98249
mcu,Lincoln Campbell,https://marvelcinematicuniverse.fandom.com/wiki/Lincoln_Campbell,97980
mcu,Patriot,https://marvelcinematicuniverse.fandom.com/wiki/Patriot,95638
mcu,Gamora,https://marvelcinematicuniverse.fandom.com/wiki/Gamora,95569
mcu,Foggy Nelson,https://marvelcinematicuniverse.fandom.com/wiki/Foggy_Nelson,95528
mcu,Brett Mahoney,https://marvelcinematicuniverse.fandom.com/wiki/Brett_Mahoney,95168
mcu,Enoch,https://marvelcinematicuniverse.fandom.com/wiki/Enoch,91953
mcu,Nebula,https://marvelcinematicuniverse.fandom.com/wiki/Nebula,89928
mcu,Ghost Rider,https://marvelcinematicuniverse.fandom.com/wiki/Ghost_Rider,89209
mcu,Krista Dumont,https://marvelcinematicuniverse.fandom.com/wiki/Krista_Dumont,87054
mcu,Gregory Sallinger,https://marvelcinematicuniverse.fandom.com/wiki/Gregory_Sallinger,86663
mcu,Yo-Yo Rodriguez,https://marvelcinematicuniverse.fandom.com/wiki/Yo-Yo_Rodriguez,86146
mcu,Jeri Hogarth,https://marvelcinematicuniverse.fandom.com/wiki/Jeri_Hogarth,81941
mcu,Holden Radcliffe,https://marvelcinematicuniverse.fandom.com/wiki/Holden_Radcliffe,81713
mcu,Deathlok,https://marvelcinematicuniverse.fandom.com/wiki/Deathlok,81353
mcu,Mary Walker,https://marvelcinematicuniverse.fandom.com/wiki/Mary_Walker,81061
mcu,Hive,https://marvelcinematicuniverse.fandom.com/wiki/Hive,80985
mcu,Izel,https://marvelcinematicuniverse.fandom.com/wiki/Izel,79988
mcu,John Pilgrim,https://marvelcinematicuniverse.fandom.com/wiki/John_Pilgrim,77888
mcu,Baron Zemo,https://marvelcinematicuniverse.fandom.com/wiki/Baron_Zemo,77306
mcu,Karolina Dean,https://marvelcinematicuniverse.fandom.com/wiki/Karolina_Dean,76865
mcu,Loki/Time-Traveller,https://marvelcinematicuniverse.fandom.com/wiki/Loki/Time-Traveller,76589
mcu,Hale,https://marvelcinematicuniverse.fandom.com/wiki/Hale,74907
mcu,Daniel Whitehall,https://marvelcinematicuniverse.fandom.com/wiki/Daniel_Whitehall,74867
mcu,John Garrett,https://marvelcinematicuniverse.fandom.com/wiki/John_Garrett,73945
mcu,Eddy Costa,https://marvelcinematicuniverse.fandom.com/wiki/Eddy_Costa,73929
mcu,Kilgrave,https://marvelcinematicuniverse.fandom.com/wiki/Kilgrave,73890
mcu,Drax the Destroyer,https://marvelcinematicuniverse.fandom.com/wiki/Drax_the_Destroyer,71286
mcu,Bushmaster,https://marvelcinematicuniverse.fandom.com/wiki/Bushmaster,71051
mcu,Groot,https://marvelcinematicuniverse.fandom.com/wiki/Groot,69600
mcu,Ana Helstrom,https://marvelcinematicuniverse.fandom.com/wiki/Ana_Helstrom,66604
mcu,Calvin Zabo,https://marvelcinematicuniverse.fandom.com/wiki/Calvin_Zabo,66555
mcu,Madame Gao,https://marvelcinematicuniverse.fandom.com/wiki/Madame_Gao,66459
mcu,Superior,https://marvelcinematicuniverse.fandom.com/wiki/Superior,66456
mcu,Red Skull,https://marvelcinematicuniverse.fandom.com/wiki/Red_Skull,66072
mcu,Nathaniel Malick/History Altered by Chronicoms,https://marvelcinematicuniverse.fandom.com/wiki/Nathaniel_Malick/History_Altered_by_Chronicoms,65725
mcu,Howard Stark,https://marvelcinematicuniverse.fandom.com/wiki/Howard_Stark,65554
mcu,Stick,https://marvelcinematicuniverse.fandom.com/wiki/Stick,64987
mcu,Daimon Helstrom,https://marvelcinematicuniverse.fandom.com/wiki/Daimon_Helstrom,64557
mcu,Harold Meachum,https://marvelcinematicuniverse.fandom.com/wiki/Harold_Meachum,63145
mcu,Kasius,https://marvelcinematicuniverse.fandom.com/wiki/Kasius,63139
mcu,Leo Fitz/Destroyed Earth,https://marvelcinematicuniverse.fandom.com/wiki/Leo_Fitz/Destroyed_Earth,62811
mcu,Pepper Potts,https://marvelcinematicuniverse.fandom.com/wiki/Pepper_Potts,62588
mcu,Claire Temple,https://marvelcinematicuniverse.fandom.com/wiki/Claire_Temple,62100
mcu,Ruby Hale,https://marvelcinematicuniverse.fandom.com/wiki/Ruby_Hale,61990
mcu,Leslie Dean,https://marvelcinematicuniverse.fandom.com/wiki/Leslie_Dean,61781
mcu,Ultron,https://marvelcinematicuniverse.fandom.com/wiki/Ultron,61543
mcu,Thaddeus Ross,https://marvelcinematicuniverse.fandom.com/wiki/Thaddeus_Ross,61371
mcu,Hank Pym,https://marvelcinematicuniverse.fandom.com/wiki/Hank_Pym,60818
mcu,Lash,https://marvelcinematicuniverse.fandom.com/wiki/Lash,60775
mcu,Cottonmouth,https://marvelcinematicuniverse.fandom.com/wiki/Cottonmouth,60325
mcu,Wasp,https://marvelcinematicuniverse.fandom.com/wiki/Wasp,59418
mcu,Diamondback,https://marvelcinematicuniverse.fandom.com/wiki/Diamondback,59358
mcu,Piper,https://marvelcinematicuniverse.fandom.com/wiki/Piper,58909
mcu,Mitchell Ellison,https://marvelcinematicuniverse.fandom.com/wiki/Mitchell_Ellison,58901
mcu,Absorbing Man,https://marvelcinematicuniverse.fandom.com/wiki/Absorbing_Man,58477
mcu,Jane Foster,https://marvelcinematicuniverse.fandom.com/wiki/Jane_Foster,57971
mcu,U.S. Agent,https://marvelcinematicuniverse.fandom.com/wiki/U.S._Agent,57588
mcu,Aida,https://marvelcinematicuniverse.fandom.com/wiki/Aida,57260
mcu,Erik Killmonger,https://marvelcinematicuniverse.fandom.com/wiki/Erik_Killmonger,57251
mcu,Vanessa Marianna,https://marvelcinematicuniverse.fandom.com/wiki/Vanessa_Marianna,56620
mcu,Sylvie Laufeydottir,https://marvelcinematicuniverse.fandom.com/wiki/Sylvie_Laufeydottir,55950
mcu,Sinara,https://marvelcinematicuniverse.fandom.com/wiki/Sinara,55774
mcu,Vision,https://marvelcinematicuniverse.fandom.com/wiki/Vision,55651
mcu,Ancient One,https://marvelcinematicuniverse.fandom.com/wiki/Ancient_One,55633
mcu,Rafael Scarfe,https://marvelcinematicuniverse.fandom.com/wiki/Rafael_Scarfe,54931
mcu,Geoffrey Wilder,https://marvelcinematicuniverse.fandom.com/wiki/Geoffrey_Wilder,54559
mcu,Lewis Wilson,https://marvelcinematicuniverse.fandom.com/wiki/Lewis_Wilson,54385
mcu,Kora/History Altered by Chronicoms,https://marvelcinematicuniverse.fandom.com/wiki/Kora/History_Altered_by_Chronicoms,53932
mcu,Alex Wilder,https://marvelcinematicuniverse.fandom.com/wiki/Alex_Wilder,53542
mcu,Whitney Frost,https://marvelcinematicuniverse.fandom.com/wiki/Whitney_Frost,53041
mcu,Bakuto,https://marvelcinematicuniverse.fandom.com/wiki/Bakuto,52557
mcu,Malcolm Ducasse,https://marvelcinematicuniverse.fandom.com/wiki/Malcolm_Ducasse,52288
mcu,Doctor Strange/Corrupted Doctor Strange,https://marvelcinematicuniverse.fandom.com/wiki/Doctor_Strange/Corrupted_Doctor_Strange,52076
mcu,Mysterio,https://marvelcinematicuniverse.fandom.com/wiki/Mysterio,51969
mcu,Dale Yorkes,https://marvelcinematicuniverse.fandom.com/wiki/Dale_Yorkes,51462
mcu,Comanche,https://marvelcinematicuniverse.fandom.com/wiki/Comanche,51298
mcu,Crossbones,https://marvelcinematicuniverse.fandom.com/wiki/Crossbones,50513
mcu,Jiaying,https://marvelcinematicuniverse.fandom.com/wiki/Jiaying,49715
mcu,Jaco,https://marvelcinematicuniverse.fandom.com/wiki/Jaco,48885
mcu,Odin,https://marvelcinematicuniverse.fandom.com/wiki/Odin,48737
mcu,Catherine Wilder,https://marvelcinematicuniverse.fandom.com/wiki/Catherine_Wilder,48606
mcu,Alexandra Reid,https://marvelcinematicuniverse.fandom.com/wiki/Alexandra_Reid,48586
mcu,Thanos/Warrior Thanos,https://marvelcinematicuniverse.fandom.com/wiki/Thanos/Warrior_Thanos,48178
mcu,Janet Stein,https://marvelcinematicuniverse.fandom.com/wiki/Janet_Stein,47650
mcu,Johann Fennhoff,https://marvelcinematicuniverse.fandom.com/wiki/Johann_Fennhoff,47626
mcu,Maria Hill,https://marvelcinematicuniverse.fandom.com/wiki/Maria_Hill,47479
mcu,Chase Stein,https://marvelcinematicuniverse.fandom.com/wiki/Chase_Stein,47370
mcu,Gabriella Rosetti,https://marvelcinematicuniverse.fandom.com/wiki/Gabriella_Rosetti,47148
mcu,Benjamin Donovan,https://marvelcinematicuniverse.fandom.com/wiki/Benjamin_Donovan,46743
mcu,Colleen Wing,https://marvelcinematicuniverse.fandom.com/wiki/Colleen_Wing,46601
mcu,The Watcher,https://marvelcinematicuniverse.fandom.com/wiki/The_Watcher,46583
mcu,Sam Stein,https://marvelcinematicuniverse.fandom.com/wiki/Sam_Stein,46359
mcu,Daniel Sousa,https://marvelcinematicuniverse.fandom.com/wiki/Daniel_Sousa,46152
mcu,Valkyrie,https://marvelcinematicuniverse.fandom.com/wiki/Valkyrie,45850
mcu,Raina,https://marvelcinematicuniverse.fandom.com/wiki/Raina,45754
mcu,William Rawlins,https://marvelcinematicuniverse.fandom.com/wiki/William_Rawlins,45705
mcu,Hela,https://marvelcinematicuniverse.fandom.com/wiki/Hela,45144
mcu,Sharon Carter,https://marvelcinematicuniverse.fandom.com/wiki/Sharon_Carter,45063
mcu,James Davis,https://marvelcinematicuniverse.fandom.com/wiki/James_Davis,44586
mcu,Stacey Yorkes,https://marvelcinematicuniverse.fandom.com/wiki/Stacey_Yorkes,43903
mcu,Edwin Jarvis,https://marvelcinematicuniverse.fandom.com/wiki/Edwin_Jarvis,43290
mcu,Ego,https://marvelcinematicuniverse.fandom.com/wiki/Ego,42721
mcu,Vulture,https://marvelcinematicuniverse.fandom.com/wiki/Vulture,41428
mcu,Dottie Underwood,https://marvelcinematicuniverse.fandom.com/wiki/Dottie_Underwood,41275
mcu,Ultron/Age of Ultron,https://marvelcinematicuniverse.fandom.com/wiki/Ultron/Age_of_Ultron,41084
mcu,Sif,https://marvelcinematicuniverse.fandom.com/wiki/Sif,41025
mcu,Will Simpson,https://marvelcinematicuniverse.fandom.com/wiki/Will_Simpson,40818
mcu,Paul Lantom,https://marvelcinematicuniverse.fandom.com/wiki/Paul_Lantom,40609
mcu,Gert Yorkes,https://marvelcinematicuniverse.fandom.com/wiki/Gert_Yorkes,40600
mcu,Quicksilver,https://marvelcinematicuniverse.fandom.com/wiki/Quicksilver,40197
mcu,Agatha Harkness,https://marvelcinematicuniverse.fandom.com/wiki/Agatha_Harkness,40147
mcu,Melinda May/Life-Model Decoy,https://marvelcinematicuniverse.fandom.com/wiki/Melinda_May/Life-Model_Decoy,39779
mcu,Wilfred Malick/History Altered by Chronicoms,https://marvelcinematicuniverse.fandom.com/wiki/Wilfred_Malick/History_Altered_by_Chronicoms,39772
mcu,Louise Hastings,https://marvelcinematicuniverse.fandom.com/wiki/Louise_Hastings,39692
mcu,Turk Barrett,https://marvelcinematicuniverse.fandom.com/wiki/Turk_Barrett,39626
mcu,Jack Thompson,https://marvelcinematicuniverse.fandom.com/wiki/Jack_Thompson,39478
mcu,Heimdall,https://marvelcinematicuniverse.fandom.com/wiki/Heimdall,39338
mcu,Okoye,https://marvelcinematicuniverse.fandom.com/wiki/Okoye,39309
mcu,Karnak,https://marvelcinematicuniverse.fandom.com/wiki/Karnak,39307
mcu,Hellfire,https://marvelcinematicuniverse.fandom.com/wiki/Hellfire,38824
mcu,Tina Minoru,https://marvelcinematicuniverse.fandom.com/wiki/Tina_Minoru,38732
mcu,James Wesley,https://marvelcinematicuniverse.fandom.com/wiki/James_Wesley,38673
mcu,Cloak,https://marvelcinematicuniverse.fandom.com/wiki/Cloak,38485
mcu,Robert Gonzales,https://marvelcinematicuniverse.fandom.com/wiki/Robert_Gonzales,37834
mcu,Misty Knight,https://marvelcinematicuniverse.fandom.com/wiki/Misty_Knight,37825
mcu,Molly Hernandez,https://marvelcinematicuniverse.fandom.com/wiki/Molly_Hernandez,36922
mcu,Antoine Triplett,https://marvelcinematicuniverse.fandom.com/wiki/Antoine_Triplett,36883
mcu,Black Bolt,https://marvelcinematicuniverse.fandom.com/wiki/Black_Bolt,36197
mcu,Xu Wenwu,https://marvelcinematicuniverse.fandom.com/wiki/Xu_Wenwu,35940
mcu,Billy Koenig,https://marvelcinematicuniverse.fandom.com/wiki/Billy_Koenig,35203
mcu,Abomination,https://marvelcinematicuniverse.fandom.com/wiki/Abomination,35155
mcu,Zip,https://marvelcinematicuniverse.fandom.com/wiki/Zip,35050
mcu,Yondu Udonta,https://marvelcinematicuniverse.fandom.com/wiki/Yondu_Udonta,34946
mcu,Pax,https://marvelcinematicuniverse.fandom.com/wiki/Pax,34680
mcu,Mantis,https://marvelcinematicuniverse.fandom.com/wiki/Mantis,34437
mcu,Kaecilius,https://marvelcinematicuniverse.fandom.com/wiki/Kaecilius,34428
mcu,Mobius M. Mobius,https://marvelcinematicuniverse.fandom.com/wiki/Mobius_M._Mobius,34395
mcu,Giyera,https://marvelcinematicuniverse.fandom.com/wiki/Giyera,34259
mcu,Volstagg,https://marvelcinematicuniverse.fandom.com/wiki/Volstagg,34173
mcu,Talos,https://marvelcinematicuniverse.fandom.com/wiki/Talos,33782
mcu,Sam Koenig,https://marvelcinematicuniverse.fandom.com/wiki/Sam_Koenig,33622
mcu,Ulysses Klaue,https://marvelcinematicuniverse.fandom.com/wiki/Ulysses_Klaue,33539
mcu,Rosalind Price,https://marvelcinematicuniverse.fandom.com/wiki/Rosalind_Price,33295
mcu,Vision/Chaos Magic Recreation,https://marvelcinematicuniverse.fandom.com/wiki/Vision/Chaos_Magic_Recreation,33108
mcu,Dagger,https://marvelcinematicuniverse.fandom.com/wiki/Dagger,33054
mcu,Murakami,https://marvelcinematicuniverse.fandom.com/wiki/Murakami,33007
mcu,Erik Gelden,https://marvelcinematicuniverse.fandom.com/wiki/Erik_Gelden,32968
mcu,Ronan the Accuser,https://marvelcinematicuniverse.fandom.com/wiki/Ronan_the_Accuser,32912
mcu,Agent 33,https://marvelcinematicuniverse.fandom.com/wiki/Agent_33,32620
mcu,Fandral,https://marvelcinematicuniverse.fandom.com/wiki/Fandral,32577
mcu,Alisa Jones,https://marvelcinematicuniverse.fandom.com/wiki/Alisa_Jones,32324
mcu,Ray Nadeem,https://marvelcinematicuniverse.fandom.com/wiki/Ray_Nadeem,32276
mcu,Frank Dean,https://marvelcinematicuniverse.fandom.com/wiki/Frank_Dean,31885
mcu,Everett Ross,https://marvelcinematicuniverse.fandom.com/wiki/Everett_Ross,31791
mcu,Ben Urich,https://marvelcinematicuniverse.fandom.com/wiki/Ben_Urich,31609
mcu,Magistrate,https://marvelcinematicuniverse.fandom.com/wiki/Magistrate,31477
mcu,Sibyl,https://marvelcinematicuniverse.fandom.com/wiki/Sibyl,31475
mcu,Gordon,https://marvelcinematicuniverse.fandom.com/wiki/Gordon,31404
mcu,Iron Monger,https://marvelcinematicuniverse.fandom.com/wiki/Iron_Monger,31228
mcu,Ned Leeds,https://marvelcinematicuniverse.fandom.com/wiki/Ned_Leeds,30996
mcu,Happy Hogan,https://marvelcinematicuniverse.fandom.com/wiki/Happy_Hogan,30904
mcu,Taskmaster,https://marvelcinematicuniverse.fandom.com/wiki/Taskmaster,30662
mcu,Monica Rambeau,https://marvelcinematicuniverse.fandom.com/wiki/Monica_Rambeau,30612
mcu,Shuri,https://marvelcinematicuniverse.fandom.com/wiki/Shuri,30396
mcu,Roger Dooley,https://marvelcinematicuniverse.fandom.com/wiki/Roger_Dooley,30280
mcu,Yellowjacket,https://marvelcinematicuniverse.fandom.com/wiki/Yellowjacket,30173
mcu,Jasper Sitwell,https://marvelcinematicuniverse.fandom.com/wiki/Jasper_Sitwell,30002
