the office,Andy Bernard,https://theoffice.fandom.com/wiki/Andy_Bernard,76217
the office,Angela Martin,https://theoffice.fandom.com/wiki/Angela_Martin,44038
the office,Bill Hader,https://theoffice.fandom.com/wiki/Bill_Hader,18879
the office,Clark Green,https://theoffice.fandom.com/wiki/Clark_Green,17641
the office,Creed Bratton,https://theoffice.fandom.com/wiki/Creed_Bratton,40451
the office,Darryl Philbin,https://theoffice.fandom.com/wiki/Darryl_Philbin,29464
the office,David Wallace,https://theoffice.fandom.com/wiki/David_Wallace,17105
the office,Dwight Schrute,https://theoffice.fandom.com/wiki/Dwight_Schrute,49472
the office,Erin Hannon,https://theoffice.fandom.com/wiki/Erin_Hannon,27070
the office,Gabe Lewis,https://theoffice.fandom.com/wiki/Gabe_Lewis,17122
the office,Holly Flax,https://theoffice.fandom.com/wiki/Holly_Flax,12658
the office,Jan Levinson,https://theoffice.fandom.com/wiki/Jan_Levinson,15777
the office,Jim Halpert,https://theoffice.fandom.com/wiki/Jim_Halpert,26136
the office,Kelly Kapoor,https://theoffice.fandom.com/wiki/Kelly_Kapoor,26805
the office,Kevin Malone,https://theoffice.fandom.com/wiki/Kevin_Malone,39588
the office,Meredith Palmer,https://theoffice.fandom.com/wiki/Meredith_Palmer,17117
the office,Michael Scott,https://theoffice.fandom.com/wiki/Michael_Scott,58638
the office,Nellie Bertram,https://theoffice.fandom.com/wiki/Nellie_Bertram,24751
the office,Oscar Martinez,https://theoffice.fandom.com/wiki/Oscar_Martinez,13312
the office,Pam Beesly,https://theoffice.fandom.com/wiki/Pam_Beesly,33238
the office,Pete Miller,https://theoffice.fandom.com/wiki/Pete_Miller,20619
the office,Phyllis Vance,https://theoffice.fandom.com/wiki/Phyllis_Vance,22495
the office,Robert California,https://theoffice.fandom.com/wiki/Robert_California,36172
the office,Ryan Howard,https://theoffice.fandom.com/wiki/Ryan_Howard,38111
the office,Stanley Hudson,https://theoffice.fandom.com/wiki/Stanley_Hudson,10081
the office,Toby Flenderson,https://theoffice.fandom.com/wiki/Toby_Flenderson,31649
